Guna,Sarath,4,Quinpool Road,Halifax,QC,Canada,11009
Guna,Chandran,5,Barrington Road,Montreal,NS,Canada,11004
Santz,Guna,2,Inglis Street,Halifax,NS,Canada,11008
Santz,Gowtham,6,Inglis Street,Halifax,ON,Canada,11007
Guna,Chandran,3,Mumford Terminal,Toronto,ON,Canada,11005
Guna,Gowtham,5,Inglis Street,Halifax,NS,Canada,11008
Siva,Sarath,0,Quinpool Road,Ottawa,ON,Canada,11003
Santz,Guna,6,Barrington Road,Montreal,QC,Canada,11006
Guna,Gowtham,2,Mumford Terminal,Ottawa,QC,Canada,11006
Santz,Siva,3,Inglis Street,Halifax,ON,Canada,11003
Santz,Gowtham,6,Mumford Terminal,Montreal,NS,Canada,11004
Santz,Gowtham,6,Quinpool Road,Halifax,NS,Canada,11008
Guna,Gowtham,0,Quinpool Road,Toronto,QC,Canada,11003
Guna,Gowtham,1,Barrington Road,Toronto,NS,Canada,11005
Mani,Guna,0,Barrington Road,Halifax,QC,Canada,11007
Santz,Sarath,2,Barrington Road,Halifax,NS,Canada,11004
Siva,Siva,6,Mumford Terminal,Halifax,NS,Canada,11006
Santz,Guna,2,Mumford Terminal,Montreal,NS,Canada,11009
Mani,Sarath,1,Mumford Terminal,Montreal,ON,Canada,11009
Guna,Gowtham,2,Inglis Street,Ottawa,QC,Canada,11004
Siva,Siva,1,Barrington Road,Montreal,NS,Canada,11005
Guna,Chandran,1,Inglis Street,Montreal,NS,Canada,11007
Siva,Chandran,3,Inglis Street,Montreal,QC,Canada,11008
Guna,Chandran,0,Mumford Terminal,Halifax,NS,Canada,11002
Guna,Chandran,2,Inglis Street,Halifax,NS,Canada,11006
Siva,Siva,3,Quinpool Road,Halifax,NS,Canada,11002
Santz,Guna,0,Inglis Street,Halifax,NS,Canada,11006
Santz,Sarath,3,Inglis Street,Halifax,ON,Canada,11006
Siva,Chandran,6,Barrington Road,Halifax,ON,Canada,11002
Siva,Sarath,2,Barrington Road,Montreal,NS,Canada,11009
Santz,Sarath,6,Mumford Terminal,Halifax,NS,Canada,11006
Guna,Gowtham,6,Inglis Street,Montreal,QC,Canada,11007
Siva,Chandran,3,Mumford Terminal,Halifax,NS,Canada,11002
Santz,Chandran,3,Quinpool Road,Toronto,ON,Canada,11003
Mani,Gowtham,1,Barrington Road,Toronto,NS,Canada,11003
Guna,Siva,6,Quinpool Road,Montreal,NS,Canada,11003
Guna,Guna,6,Mumford Terminal,Toronto,ON,Canada,11008
Guna,Gowtham,2,Inglis Street,Halifax,NS,Canada,11007
Santz,Guna,1,Quinpool Road,Montreal,QC,Canada,11003
Guna,Chandran,6,Inglis Street,Halifax,QC,Canada,11007
